timestamp,NIR_proxy_broad
0.0154,73.09
0.0479,73.13
0.0811,73.21
0.1173,73.32
0.1543,73.31
0.1811,73.22
0.2154,73.07
0.2476,73.04
0.2820,73.15
0.3151,73.20
0.3505,73.05
0.3808,72.30
0.4145,72.17
0.4477,71.90
0.4821,71.83
0.5177,71.99
0.5514,72.03
0.5905,72.36
0.6221,72.90
0.6601,72.95
0.6902,72.79
0.7280,72.54
0.7613,72.17
0.7935,72.65
0.8273,74.22
0.8513,75.97
0.8886,76.95
0.9273,76.67
0.9631,77.09
0.9922,73.35
1.0274,68.90
1.0638,65.47
1.0908,66.30
1.1240,68.63
1.1647,69.94
1.1934,70.21
1.2373,70.22
1.2699,69.37
1.3415,68.02
1.3765,68.27
1.4392,68.13
1.4715,68.01
1.5009,68.07
1.5700,68.53
1.6676,69.75
1.7107,71.89
1.7672,72.01
1.8341,64.64
1.8837,55.22
1.9164,51.16
1.9611,48.37
1.9923,47.81
2.0267,48.80
2.0583,51.68
2.0899,55.19
2.1254,58.64
2.1671,60.30
2.1910,61.09
2.2310,61.83
2.2710,62.11
2.3068,61.57
2.3404,61.13
2.3752,62.09
2.4411,65.42
2.4737,66.84
2.5051,67.80
2.5368,69.18
2.5699,69.85
2.6404,73.31
2.6745,76.12
2.7038,79.27
2.7356,81.68
2.7703,81.69
2.8399,86.28
2.8742,86.67
2.9069,92.78
2.9416,101.46
2.9769,107.57
3.0447,116.66
3.0757,115.23
3.1069,112.31
3.1402,108.88
3.1771,104.43
3.2411,73.22
3.2763,57.28
3.3434,20.10
3.3759,11.51
3.4413,12.01
3.4934,23.08
3.5311,31.69
3.5640,38.05
3.6285,46.14
3.6602,47.28
3.6910,48.39
3.7207,53.13
3.7532,57.05
3.8271,58.97
3.8632,59.65
3.8899,59.91
3.9580,59.51
4.0279,59.72
4.0605,60.18
4.0940,61.02
4.1567,63.36
4.2273,65.22
4.2609,65.82
4.2918,66.50
4.3219,67.14
4.3579,67.65
4.4259,67.52
4.4624,67.11
4.4912,66.48
4.5245,66.26
4.5582,65.90
4.6276,65.23
4.6621,64.89
4.6959,64.40
4.7365,63.91
4.7889,63.02
4.8245,62.68
4.8611,62.46
4.8923,62.27
4.9229,61.89
4.9553,61.28
5.0209,60.44
5.0585,60.39
5.0910,60.49
5.1578,60.58
5.2286,60.25
5.2633,59.94
5.2923,59.54
5.3583,58.42
5.4288,57.49
5.4550,56.94
5.5168,55.72
5.5493,55.11
5.5797,54.66
5.6171,54.42
5.6539,54.19
5.6839,54.06
5.7169,53.99
5.7542,53.85
5.7822,53.79
5.8275,53.77
5.8540,53.78
5.9107,54.11
5.9514,54.41
5.9817,54.50
6.0175,54.38
6.0551,53.94
6.0901,53.32
6.1562,52.60
6.2120,54.16
6.2602,55.53
6.2964,56.24
6.3567,56.48
6.3878,56.54
6.4226,56.63
6.4605,56.82
6.4962,56.92
6.5602,57.07
6.6264,57.08
6.6634,56.86
6.6938,56.54
6.7602,55.47
6.8276,54.41
6.8644,54.34
6.8966,54.21
6.9590,54.14
7.0300,54.16
7.0621,54.25
7.0968,54.31
7.1514,54.43
7.1810,54.49
7.2142,54.60
7.2534,54.63
7.2940,54.67
7.3256,54.72
7.3596,54.71
7.4265,54.79
7.4649,54.94
7.4927,55.17
7.5663,55.48
7.6306,55.56
7.6635,55.47
7.6975,55.39
7.7289,55.30
7.7627,55.29
7.8296,55.55
7.8642,55.72
7.8976,55.97
7.9311,56.36
7.9629,56.89
8.0276,57.83
8.0621,58.10
8.0971,57.96
8.1295,57.89
8.1635,57.81
8.2294,57.93
8.2652,57.80
8.2968,57.64
8.3279,57.37
8.3629,57.04
8.4300,56.50
8.4658,56.28
8.4982,56.09
8.5279,55.87
8.5602,55.69
8.6218,55.36
8.6556,55.17
8.6902,54.94
8.7190,54.73
8.7555,54.56
8.8250,54.35
8.8577,54.33
8.8957,54.32
8.9260,54.29
8.9617,54.31
9.0299,54.21
9.0626,54.14
9.0980,54.08
9.1595,53.98
9.2302,53.82
9.2663,53.76
9.2991,53.62
9.3301,53.33
9.3830,52.32
9.4278,52.06
9.4666,51.86
9.4998,51.59
9.5279,51.39
9.5625,51.31
9.6313,51.37
9.6649,51.39
9.6983,51.50
9.7312,51.59
9.7622,51.74
9.8285,51.99
9.8660,52.04
9.8973,52.12
9.9276,52.23
9.9612,52.30
10.0276,52.43
10.0635,52.45
10.0987,52.46
10.1267,52.42
10.1587,52.43
10.2245,52.28
10.2558,52.24
10.2932,52.17
10.3271,52.15
10.3584,52.15
10.3861,52.14
10.4254,52.16
10.4585,52.18
10.4947,52.25
10.5314,52.31
10.5618,52.39
10.6280,52.51
10.6633,52.55
10.6969,52.58
10.7301,52.58
10.7626,52.60
10.8281,52.65
10.8561,52.62
10.9158,52.49
10.9540,52.49
10.9824,52.46
11.0197,52.51
11.0593,52.47
11.0978,52.50
11.1298,52.46
11.1587,52.47
11.1838,52.47
11.2235,52.48
11.2558,52.44
11.2933,52.46
11.3286,52.44
11.3583,52.42
11.3865,52.39
11.4243,52.37
11.4623,52.36
11.4947,52.34
11.5251,52.32
11.5584,52.32
11.5877,52.33
11.6236,52.28
11.6612,52.26
11.6991,52.21
11.7272,52.23
11.7590,52.22
11.8229,52.23
11.8617,52.19
11.8994,52.21
11.9336,52.25
11.9894,52.25
12.0287,52.20
12.0657,52.18
12.0989,52.18
12.1326,52.17
12.1616,52.13
12.2283,52.09
12.2648,52.07
12.3003,52.07
12.3318,52.05
12.3615,52.08
12.4283,52.07
12.4663,52.07
12.4997,52.07
12.5321,52.08
12.5631,52.07
12.6277,52.07
12.6652,52.06
12.6986,51.98
12.7314,51.99
12.7656,52.00
12.8291,51.93
12.8673,51.90
12.9012,51.88
12.9312,51.90
12.9627,51.92
13.0282,51.95
13.0668,51.94
13.0996,51.92
13.1319,51.92
13.1650,51.95
13.2316,51.99
13.2683,51.96
13.3012,51.95
13.3632,51.93
13.4302,51.88
13.4667,51.90
13.4990,51.90
13.5340,51.87
13.5634,51.85
13.6318,51.86
13.6663,51.85
13.7001,51.82
13.7322,51.81
13.7670,51.81
13.8326,51.78
13.8672,51.73
13.9010,51.76
13.9344,51.79
13.9645,51.77
14.0301,51.73
14.0670,51.74
14.0998,51.73
14.1349,51.66
14.1664,51.64
14.2310,51.60
14.2667,51.56
14.3005,51.53
14.3365,51.52
14.3672,51.50
14.4327,51.48
14.4683,51.46
14.4989,51.44
14.5346,51.45
14.5669,51.46
14.6360,51.48
14.7012,51.46
14.7332,51.45
14.7646,51.43
14.8138,51.35
14.8451,51.34
14.8879,51.29
14.9226,51.28
14.9643,51.21
15.0267,51.15
15.0665,51.16
15.1006,51.19
15.1325,51.17
15.1682,51.15
15.2325,51.12
15.2657,51.08
15.3010,51.06
15.3353,51.01
15.3671,50.95
15.4262,50.95
15.4651,50.94
15.5018,50.90
15.5372,50.93
15.5693,50.93
15.6340,50.93
15.6665,50.89
15.7005,50.86
15.7357,50.81
15.7671,50.77
15.8316,50.76
15.8584,50.71
15.9209,50.69
15.9546,50.70
15.9845,50.69
16.0217,50.68
16.0614,50.66
16.0972,50.68
16.1361,50.69
16.1672,50.67
16.2248,50.67
16.2604,50.65
16.2942,50.67
16.3333,50.63
16.3650,50.58
16.4305,50.56
16.4684,50.53
16.5032,50.47
16.5365,50.44
16.5672,50.41
16.6340,50.34
16.6691,50.31
16.6975,50.26
16.7299,50.22
16.7613,50.24
16.7876,50.25
16.8288,50.23
16.8658,50.22
16.9019,50.17
16.9348,50.22
16.9685,50.22
17.0301,50.25
17.0662,50.22
17.1025,50.21
17.1362,50.23
17.1680,50.16
17.2303,50.13
17.2681,50.13
17.3028,50.05
17.3363,49.99
17.3664,49.93
17.4294,49.91
17.4678,49.87
17.5030,49.87
17.5369,49.86
17.5670,49.90
17.6335,49.84
17.6690,49.86
17.7046,49.86
17.7370,49.87
17.7673,49.86
17.8325,49.82
17.8672,49.79
17.9016,49.78
17.9389,49.74
17.9904,49.65
18.0309,49.62
18.0678,49.60
18.1006,49.65
18.1364,49.62
18.1677,49.61
18.2328,49.47
18.2688,49.44
18.3047,49.40
18.3415,49.39
18.3712,49.35
18.4333,49.32
18.4705,49.29
18.5022,49.26
18.5380,49.29
18.5681,49.30
18.6320,49.32
18.6702,49.35
18.7009,49.36
18.7341,49.35
18.7677,49.35
18.8281,49.32
18.8646,49.34
18.8999,49.32
18.9349,49.33
18.9674,49.31
19.0274,49.37
19.0633,49.36
19.1019,49.37
19.1386,49.35
19.1693,49.35
19.2302,49.37
19.2678,49.35
19.3022,49.35
19.3353,49.34
19.3670,49.30
19.4287,49.31
19.4674,49.28
19.5033,49.25
19.5381,49.22
19.5703,49.19
19.6343,49.13
19.6688,49.14
19.7035,49.17
19.7375,49.19
19.7683,49.16
19.8349,49.17
19.8692,49.17
19.9033,49.19
19.9360,49.19
19.9694,49.21
20.0304,49.25
20.0628,49.27
20.1004,49.23
20.1378,49.23
20.1691,49.23
20.2357,49.20
20.3039,49.22
20.3344,49.25
20.3693,49.22
20.4339,49.25
20.4700,49.21
20.5034,49.18
20.5356,49.16
20.5697,49.16
20.6351,49.19
20.6687,49.20
20.7038,49.22
20.7399,49.23
20.7726,49.23
20.8346,49.24
20.8617,49.25
20.9235,49.28
20.9593,49.25
20.9849,49.26
21.0236,49.21
21.0599,49.26
21.1003,49.23
21.1304,49.28
21.1855,49.25
21.2141,49.25
21.2672,49.27
21.3047,49.26
21.3397,49.17
21.3721,49.04
21.4360,48.98
21.4681,49.05
21.5034,49.05
21.5365,48.97
21.5744,48.97
21.6552,48.93
21.7119,48.86
21.7508,48.86
21.7815,48.81
21.8223,48.79
21.8545,48.76
21.8883,48.74
21.9214,48.70
21.9595,48.63
21.9844,48.58
22.0234,48.60
22.0582,48.62
22.0964,48.60
22.1327,48.62
22.1686,48.62
22.2300,48.61
22.2660,48.59
22.3026,48.61
22.3384,48.60
22.3707,48.55
22.4318,48.49
22.4662,48.44
22.5022,48.40
22.5360,48.36
22.5713,48.39
22.6299,48.25
22.6696,48.21
22.7052,48.21
22.7376,48.22
22.7719,48.21
22.8368,48.17
22.8691,48.15
22.9032,48.19
22.9360,48.21
22.9699,48.23
23.0332,48.24
23.0696,48.23
23.1049,48.20
23.1397,48.15
23.1713,48.16
23.2376,48.13
23.2709,48.09
23.3053,48.00
23.3397,48.01
23.3723,48.02
23.4346,48.06
23.4704,48.04
23.5036,48.06
23.5364,48.00
23.5720,48.01
23.6329,48.07
23.6690,48.09
23.7057,48.07
23.7423,48.07
23.7744,48.06
23.8351,48.05
23.8713,48.05
23.9071,48.04
23.9391,48.05
23.9724,48.08
24.0324,48.07
24.0694,48.08
24.1037,48.00
24.1397,48.00
24.1722,48.04
24.2365,48.06
24.2720,48.07
24.3068,48.09
24.3402,48.13
24.3719,48.13
24.4294,48.11
24.4671,48.10
24.5065,48.07
24.5386,48.08
24.5726,48.13
24.6352,48.05
24.6685,48.05
24.7359,48.09
24.7723,48.09
24.8374,48.08
24.8732,48.08
24.9058,48.07
24.9399,48.10
24.9729,48.16
25.0245,48.14
25.0626,48.13
25.0938,48.13
25.1330,48.08
25.1679,48.09
25.2283,48.01
25.2688,48.01
25.3065,48.02
25.3410,48.02
25.3731,48.01
25.4361,48.02
25.4723,48.01
25.5061,48.06
25.5387,48.08
25.5734,48.10
25.6336,48.15
25.6713,48.14
25.7071,48.09
25.7419,48.14
25.7732,48.14
25.8361,48.15
25.8861,48.13
25.9232,48.09
25.9587,48.06
25.9902,48.05
26.0261,48.03
26.0607,47.98
26.1001,47.95
26.1402,47.94
26.1723,47.94
26.2383,47.94
26.2745,47.91
26.3070,47.96
26.3423,47.98
26.3741,48.00
26.4369,48.01
26.4717,48.05
26.5082,48.06
26.5411,48.08
26.5733,48.13
26.6331,48.11
26.6653,48.07
26.6971,48.03
26.7328,48.02
26.7693,48.03
26.8300,48.04
26.8682,48.04
26.9064,48.04
26.9415,48.01
26.9738,48.04
27.0286,48.12
27.0641,48.15
27.1024,48.13
27.1434,48.18
27.1738,48.19
27.2322,48.16
27.2701,48.16
27.3071,48.12
27.3397,48.14
27.3726,48.15
27.4323,48.09
27.4702,48.11
27.5075,48.07
27.5419,48.04
27.5751,48.04
27.6385,48.04
27.6742,48.00
27.7085,47.97
27.7411,47.95
27.7738,47.97
27.8362,47.98
27.8739,47.99
27.9068,48.01
27.9413,48.04
27.9733,48.05
28.0335,48.08
28.0671,48.03
28.1006,48.02
28.1386,48.01
28.1736,47.97
28.2389,47.94
28.2729,47.98
28.3088,47.97
28.3446,47.99
28.3775,47.98
28.4384,47.96
28.4731,47.95
28.5075,47.98
28.5409,48.04
28.5748,48.03
28.6379,47.97
28.6745,48.00
28.7083,47.99
28.7432,48.01
28.7740,48.00
28.8381,47.98
28.8733,47.94
28.9066,47.90
28.9396,47.90
28.9764,47.92
29.0330,47.91
29.0910,47.87
29.1206,47.90
29.1539,47.88
29.1909,47.88
29.2206,47.86
29.2580,47.81
29.2880,47.79
29.3263,47.84
29.3620,47.80
29.3925,47.84
29.4231,47.89
29.4622,47.82
29.4989,47.85
29.5402,47.83
29.5743,47.86
29.6401,47.83
29.6749,47.83
29.7093,47.83
29.7444,47.84
29.7756,47.82
29.8329,47.84
29.8665,47.85
29.9082,47.83
29.9406,47.83
29.9753,47.85
30.0390,47.79
30.0709,47.91
30.1080,47.79
30.1419,47.80
30.1786,47.84
30.2404,47.85
30.2750,47.85
30.3072,47.78
30.3423,47.74
30.3734,47.83
30.4384,47.90
30.4741,47.89
30.5093,47.94
30.5426,47.85
30.5754,47.85
30.6384,47.82
30.6696,47.81
30.7060,47.85
30.7424,47.86
30.7760,47.87
30.8404,47.92
30.8918,47.97
30.9229,47.91
30.9629,47.95
30.9945,47.96
31.0260,47.99
31.0619,47.95
31.1034,47.97
31.1377,47.95
31.1728,47.93
31.2351,47.90
31.2645,47.90
31.3041,47.89
31.3431,47.90
31.3762,47.87
31.4380,47.85
31.4691,47.86
31.5071,47.84
31.5436,47.81
31.5767,47.86
31.6404,47.80
31.6725,47.89
31.7071,47.88
31.7432,47.86
31.7750,47.83
31.8364,47.77
31.8658,47.76
31.9009,47.77
31.9353,47.72
31.9724,47.74
32.0387,47.72
32.0736,47.71
32.1097,47.70
32.1432,47.71
32.1754,47.69
32.2401,47.71
32.2744,47.76
32.3098,47.81
32.3438,47.83
32.3750,47.89
32.4373,47.86
32.4638,47.80
32.4998,47.82
32.5423,47.80
32.5748,47.82
32.6406,47.79
32.7084,47.81
32.7445,47.75
32.7752,47.73
32.8380,47.69
32.9074,47.61
32.9441,47.56
32.9771,47.51
33.0415,47.51
33.1018,47.49
33.1355,47.49
33.1712,47.47
33.2392,47.48
33.2699,47.49
33.3005,47.48
33.3354,47.42
33.3740,47.47
33.4376,47.49
33.5055,47.48
33.5424,47.48
33.5765,47.44
33.6402,47.49
33.6683,47.47
33.6997,47.48
33.7365,47.46
33.7743,47.47
33.8423,47.49
33.8677,47.45
33.9053,47.45
33.9423,47.47
33.9757,47.45
34.0424,47.45
34.0777,47.41
34.1083,47.43
34.1452,47.42
34.1778,47.41
34.2420,47.38
34.2776,47.36
34.3107,47.34
34.3424,47.29
34.3774,47.30
34.4426,47.34
34.4741,47.32
34.5076,47.33
34.5440,47.24
34.5770,47.23
34.6429,47.19
34.6769,47.17
34.7112,47.12
34.7438,47.10
34.7775,47.02
34.8419,46.99
34.8751,46.97
34.9104,46.98
34.9455,46.95
34.9780,46.96
35.0423,47.02
35.0754,47.01
35.1104,47.04
35.1458,47.02
35.1782,47.03
35.2449,47.07
35.2770,47.07
35.3113,47.04
35.3451,47.06
35.3784,47.04
35.4423,46.97
35.4778,47.01
35.5086,46.93
35.5457,46.88
35.5783,46.87
35.6414,46.84
35.6744,46.85
35.7094,46.84
35.7460,46.92
35.7773,46.86
35.8429,46.86
35.8889,46.89
35.9282,46.95
35.9660,46.95
35.9949,46.91
36.0310,46.90
36.0622,46.87
36.1017,46.84
36.1360,46.80
36.1729,46.81
36.2284,46.86
36.2792,46.87
36.3296,46.85
36.3639,46.87
36.3881,46.81
36.4283,46.82
36.4571,46.88
36.4927,46.88
36.5279,46.86
36.5655,46.89
36.5960,46.85
36.6314,46.79
36.6615,46.79
36.6993,46.79
36.7361,46.74
36.7684,46.66
36.7962,46.61
36.8425,46.54
36.9049,46.43
36.9456,46.41
36.9792,46.36
37.0424,46.36
37.0780,46.35
37.1107,46.35
37.1465,46.35
37.1787,46.36
37.2430,46.32
37.2789,46.31
37.3094,46.27
37.3472,46.29
37.3794,46.28
37.4442,46.32
37.4780,46.31
37.5409,46.30
37.5759,46.33
37.6454,46.25
37.6735,46.19
37.7096,46.19
37.7444,46.16
37.7786,46.09
37.8437,46.06
37.8774,46.03
37.9460,45.99
37.9784,45.99
38.0435,45.93
38.0761,45.91
38.1068,45.88
38.1411,45.93
38.1778,45.81
38.2437,45.87
38.2750,45.80
38.3322,45.78
38.3682,45.70
38.4023,45.70
38.4381,45.64
38.4693,45.66
38.4996,45.66
38.5427,45.63
38.5765,45.65
38.6377,45.65
38.6766,45.63
38.7119,45.65
38.7451,45.65
38.7794,45.61
38.8465,45.62
38.8737,45.62
38.9049,45.61
38.9392,45.60
38.9734,45.58
39.0415,45.62
39.0720,45.53
39.1042,45.50
39.1399,45.51
39.1766,45.48
39.2447,45.41
39.2780,45.43
39.3456,45.33
39.3805,45.31
39.4457,45.27
39.4753,45.24
39.5043,45.21
39.5405,45.17
39.5771,45.17
39.6443,45.15
39.6791,45.16
39.7491,45.09
39.7804,45.05
39.8427,44.94
39.8777,44.92
39.9455,45.36
39.9795,45.55
40.0462,45.87
40.0788,46.05
40.1455,46.28
40.1790,46.36
40.2453,46.64
40.2784,46.74
40.3430,46.86
40.3807,46.94
40.4460,47.03
40.4794,47.08
40.5439,47.12
40.5801,47.10
40.6468,47.12
40.6760,47.13
40.7418,47.16
40.7789,47.17
40.8468,47.20
40.8756,47.14
40.9318,47.15
40.9718,47.18
41.0347,47.28
41.0693,47.34
41.1027,47.34
41.1386,47.44
41.1772,47.42
41.2475,47.47
41.3059,47.44
41.3369,47.41
41.3747,47.44
41.4435,47.52
41.4795,47.50
41.5111,47.49
41.5451,47.54
41.5809,47.48
41.6449,47.43
41.6810,47.47
41.7451,47.46
41.7801,47.43
41.8473,47.39
41.8811,47.40
41.9485,47.38
41.9805,47.38
42.0478,47.36
42.0781,47.36
42.1089,47.40
42.1480,47.44
42.1819,47.50
42.2466,47.64
42.2799,47.70
42.3478,47.73
42.3817,47.71
42.4323,47.69
42.4661,47.69
42.5291,47.73
42.5642,47.76
42.5988,47.72
42.6327,47.69
42.6775,47.66
42.7468,47.66
42.7789,47.65
42.8057,47.65
42.8421,47.71
42.8798,47.73
42.9479,47.70
42.9808,47.73
43.0472,47.71
43.0800,47.74
43.1455,47.76
43.1813,47.78
43.2455,47.88
43.2818,47.85
43.3461,47.94
43.3794,47.90
43.4480,47.92
43.4868,47.93
43.5146,47.91
43.5609,47.94
43.5906,47.93
43.6292,48.02
43.6630,47.98
43.6956,47.97
43.7320,48.03
43.7712,47.96
43.7974,47.92
43.8353,47.90
43.8674,47.85
43.8994,47.83
43.9400,47.78
43.9783,47.74
44.0406,47.69
44.0757,47.68
44.1022,47.66
44.1470,47.63
44.1828,47.61
44.2467,47.52
44.2827,47.49
44.3453,47.51
44.3819,47.50
44.4474,47.49
44.4779,47.46
44.5447,47.50
44.5802,47.52
44.6476,47.59
44.6842,47.62
44.7165,47.67
44.7495,47.72
44.7837,47.68
44.8476,47.69
44.8803,47.60
44.9167,47.62
44.9479,47.64
44.9810,47.63
45.0432,47.63
45.0791,47.64
45.1081,47.70
45.1389,47.71
45.1772,47.72
45.2468,47.67
45.2831,47.70
45.3168,47.69
45.3551,47.66
45.3866,47.63
45.4469,47.65
45.4812,47.64
45.5141,47.60
45.5776,47.56
45.6083,47.56
45.6462,47.52
45.6814,47.52
45.7105,47.52
45.7479,47.54
45.7801,47.52
45.8482,47.48
45.8754,47.44
45.9364,47.48
45.9706,47.44
46.0010,47.34
46.0373,47.36
46.0762,47.35
46.1037,47.32
46.1426,47.27
46.1777,47.26
46.2100,47.20
46.2387,47.24
46.2739,47.16
46.3080,47.11
46.3767,47.05
46.4481,47.07
46.4841,47.09
46.5150,47.07
46.5474,47.00
46.5804,46.98
46.6454,47.11
46.6835,47.17
46.7153,47.19
46.7811,47.30
46.8493,47.40
46.8836,47.36
46.9132,47.36
46.9796,47.25
47.0474,47.10
47.0857,47.07
47.1157,46.94
47.1762,46.97
47.2458,46.86
47.2844,46.83
47.3138,46.84
47.3473,46.79
47.3809,46.78
47.4497,46.83
47.4828,46.86
47.5164,46.84
47.5491,46.88
47.5847,46.91
47.6489,46.87
47.6849,46.83
47.7523,46.75
47.7863,46.77
47.8503,46.81
47.8844,46.79
47.9149,46.82
47.9774,46.87
48.0499,46.85
48.0851,46.87
48.1165,46.86
48.1515,46.85
48.1834,46.85
48.2497,46.99
48.2857,46.97
48.3157,47.00
48.3451,47.03
48.3789,47.08
48.4500,47.14
48.4835,47.16
48.5375,47.22
48.5726,47.27
48.6484,47.34
48.6810,47.40
48.7170,47.34
48.7488,47.35
48.7842,47.31
48.8502,47.33
48.8824,47.38
48.9142,47.38
48.9802,47.41
49.0518,47.38
49.0829,47.38
49.1163,47.43
49.1421,47.42
49.1800,47.36
49.2477,47.33
49.2851,47.33
49.3152,47.26
49.3463,47.26
49.3798,47.25
49.4499,47.26
49.4854,47.24
49.5196,47.21
49.5518,47.20
49.5820,47.25
49.6494,47.22
49.6863,47.21
49.7181,47.18
49.7487,47.19
49.7817,47.17
49.8505,47.22
49.8869,47.23
49.9417,47.17
49.9791,47.16
50.0501,47.16
50.0866,47.13
50.1175,47.10
50.1516,47.09
50.1839,47.06
50.2504,47.06
50.2863,47.07
50.3194,47.10
50.3860,47.08
50.4499,47.06
50.4875,47.08
50.5421,47.03
50.5774,47.01
50.6071,47.05
50.6486,47.03
50.6862,47.04
50.7186,47.09
50.7486,47.14
50.7807,47.10
50.8384,47.10
50.9219,47.06
50.9686,47.10
50.9979,47.09
51.0356,47.09
51.0661,47.05
51.1032,47.00
51.1331,47.01
51.1719,47.02
51.2344,47.03
51.2698,47.03
51.3056,47.00
51.3334,46.97
51.3742,47.00
51.4051,46.93
51.4628,46.87
51.5005,46.89
51.5320,46.82
51.5753,46.84
51.6286,46.79
51.6663,46.76
51.7046,46.73
51.7336,46.72
51.7742,46.70
51.8044,46.69
51.8388,46.73
51.8785,46.70
51.9185,46.72
51.9778,46.81
52.0132,46.78
52.0496,46.78
52.0837,46.80
52.1131,46.83
52.1771,46.80
52.2338,46.71
52.2721,46.75
52.3112,46.74
52.3366,46.80
52.3824,46.81
52.4510,46.85
52.4844,46.88
52.5200,46.86
52.5526,46.83
52.5874,46.76
52.6508,46.86
52.6864,46.83
52.7190,46.84
52.7444,46.76
52.7743,46.84
52.8037,46.82
52.8415,46.83
52.8816,46.83
52.9189,46.87
52.9826,46.89
53.0497,46.92
53.0881,46.97
53.1207,46.99
53.1481,46.94
53.1826,46.93
53.2528,46.93
53.2870,46.97
53.3178,46.96
53.3474,46.95
53.3803,46.93
53.4082,46.88
53.4452,46.94
53.4809,46.93
53.5171,46.90
53.5495,46.91
53.5787,46.87
53.6091,46.83
53.6460,46.82
53.6771,46.82
53.7104,46.74
53.7434,46.76
53.7780,46.82
53.8074,46.79
53.8415,46.82
53.8784,46.80
53.9064,46.86
53.9448,46.86
53.9774,46.80
54.0346,46.72
54.0717,46.70
54.1122,46.74
54.1447,46.72
54.1774,46.79
54.2061,46.73
54.2419,46.70
54.2829,46.68
54.3161,46.63
54.3452,46.64
54.3765,46.62
54.4089,46.58
54.4419,46.59
54.4760,46.55
54.5085,46.52
54.5418,46.50
54.5759,46.46
54.6046,46.43
54.6435,46.37
54.6827,46.40
54.7211,46.39
54.7533,46.35
54.8058,46.35
54.8428,46.34
54.8777,46.34
54.9146,46.31
54.9507,46.35
54.9815,46.31
55.0482,46.38
55.0844,46.41
55.1166,46.40
55.1490,46.35
55.1813,46.35
55.2474,46.35
55.2823,46.38
55.3120,46.37
55.3460,46.37
55.3802,46.37
55.4412,46.38
55.4714,46.31
55.5072,46.29
55.5417,46.30
55.5755,46.33
55.6068,46.41
55.6486,46.36
55.6868,46.40
55.7207,46.43
55.7512,46.42
55.7818,46.42
55.8507,46.38
55.9000,46.39
55.9411,46.34
55.9729,46.35
56.0047,46.36
56.0408,46.31
56.0776,46.33
56.1142,46.31
56.1478,46.30
56.1780,46.29
56.2086,46.31
56.2408,46.33
56.2791,46.29
56.3139,46.30
56.3522,46.34
56.4098,46.40
56.4517,46.37
56.4886,46.37
56.5221,46.41
56.5544,46.41
56.6186,46.31
56.6521,46.30
56.6872,46.33
56.7210,46.28
56.7565,46.26
56.8109,46.23
56.8520,46.25
56.8905,46.26
56.9225,46.21
56.9583,46.22
57.0081,46.18
57.0496,46.17
57.0880,46.16
57.1219,46.14
57.1578,46.14
57.1890,46.15
57.2524,46.10
57.2889,46.13
57.3228,46.18
57.3582,46.17
57.3965,46.18
57.4538,46.14
57.4977,46.10
57.5386,46.08
57.5694,46.08
57.6039,46.07
57.6384,46.08
57.6741,46.10
57.7077,46.08
57.7433,46.07
57.7735,46.05
57.8089,46.06
57.8451,46.05
57.8803,46.10
57.9201,46.12
57.9554,46.11
57.9873,46.14
58.0526,46.17
58.0894,46.16
58.1249,46.20
58.1617,46.15
58.2141,46.13
58.2528,46.11
58.2868,46.08
58.3227,46.16
58.3553,46.21
58.3854,46.22
58.4131,46.15
58.4534,46.14
58.4897,46.17
58.5232,46.16
58.5566,46.17
58.5904,46.17
58.6544,46.19
58.6893,46.17
58.7236,46.20
58.7592,46.19
58.7892,46.20
58.8558,46.15
58.8884,46.16
58.9219,46.13
58.9569,46.17
58.9881,46.15
59.0511,46.12
59.0889,46.14
59.1235,46.15
59.1576,46.15
59.1909,46.14
59.2550,46.09
59.2911,46.13
59.3231,46.11
59.3574,46.14
59.3888,46.17
59.4545,46.16
59.4892,46.14
59.5228,46.15
59.5575,46.14
59.5917,46.14
59.6493,46.10
59.6821,46.12
59.7137,46.19
59.7523,46.11
59.7877,46.14
59.8549,46.12
59.8893,46.14
59.9245,46.15
59.9578,46.11
59.9932,46.09
60.0548,46.12
60.0895,46.10
60.1222,46.12
60.1564,46.15
60.1897,46.15
60.2539,46.13
60.2894,46.10
60.3215,46.12
60.3560,46.17
60.3890,46.16
60.4503,46.15
60.4870,46.12
60.5226,46.13
60.5558,46.12
60.5899,46.22
60.6546,47.07
60.6911,46.98
60.7239,46.33
60.7592,39.90
60.7891,44.73
60.8575,44.06
60.9009,20.89
60.9440,15.34
60.9767,11.04
61.0095,7.74
61.0422,5.69
61.0778,5.35
61.1212,5.35
61.1545,5.42
61.1868,5.38
61.2527,5.57
61.2881,5.46
61.3242,5.47
61.3574,5.45
61.3873,5.38
61.4488,5.49
61.4885,5.52
61.5263,5.56
61.5575,5.58
61.5901,5.62
61.6553,5.57
61.6923,5.53
61.7259,5.54
61.7604,5.57
61.7916,5.56
61.8541,5.60
61.8910,5.60
61.9246,5.60
61.9590,5.64
61.9895,5.63
62.0522,5.60
62.0832,5.60
62.1168,5.61
62.1499,5.58
62.1821,5.59
62.2102,5.61
62.2484,5.56
62.2873,5.53
62.3236,5.51
62.3590,5.45
62.3889,5.48
62.4520,5.48
62.4903,5.48
62.5261,5.48
62.5615,5.43
62.5925,5.51
62.6572,5.65
62.6929,5.75
62.7283,5.87
62.7571,5.95
62.7871,6.08
62.8470,6.55
62.8856,6.84
62.9232,7.12
62.9604,7.34
62.9915,7.46
63.0475,8.59
63.0834,12.52
63.1191,22.00
63.1588,25.80
63.1886,20.19
63.2575,24.83
63.2959,38.29
63.3429,38.16
63.3728,37.75
63.4049,41.30
63.4464,44.48
63.4773,44.51
63.5130,44.56
63.5567,44.86
63.5870,44.82
63.6561,45.23
63.6906,45.12
63.7286,44.83
63.7647,44.59
63.7972,44.49
63.8502,44.67
63.8837,45.07
63.9246,45.42
63.9610,45.90
63.9925,46.71
64.0539,48.34
64.0923,49.28
64.1288,50.17
64.1659,50.98
64.1971,51.91
64.2553,53.46
64.2928,54.18
64.3188,54.92
64.3811,56.20
64.4445,57.28
64.4782,57.88
64.5130,58.48
64.5556,58.81
64.5890,59.33
64.6808,60.11
64.7057,60.86
64.7356,61.12
64.7767,61.14
64.8060,61.30
64.8419,61.38
64.8740,61.66
64.9085,61.91
64.9477,61.88
64.9780,62.03
65.0059,62.18
65.0468,62.30
65.0779,62.66
65.1161,62.71
65.1496,62.67
65.1863,63.00
65.2600,63.10
65.3271,63.07
65.3601,62.96
65.3942,62.93
65.4447,62.79
65.4847,62.88
65.5191,62.98
65.5525,63.02
